category,source,date,format,evidence_depth,url,primary_signals
Agency operations,Startup CPG - Ops Spotlight Todd Hoffman COO at Brightland,2025-08-09,podcast full transcript,high,https://startupcpg.transistor.fm/episodes/ops-spotlight-todd-hoffman-coo-brightland/transcript,COO role; omnichannel growth; co-manufacturing; inventory; ERP; retail readiness
Agency operations,Startup CPG - Founder Feature Hannah Perez of SEEQ Supply,2024-09-13,podcast full transcript,high,https://startupcpg.transistor.fm/episodes/founder-feature-hannah-perez-of-seeq-supply/transcript,stockouts; forecasting; inventory planning; cash constraints; founder learning curve
Agency operations,Startup CPG - Ops Spotlight Laura Romano of Graza,2025-10-11,podcast full transcript,high,https://startupcpg.transistor.fm/episodes/ops-spotlight-laura-romano-of-graza/transcript,warehouse ownership; freight; EDI; ERP; retailer onboarding; operational tradeoffs
Packaging operations,Startup CPG - R&D Insights with Matt Craighead at Trubar,2025-12-27,podcast full transcript,high,https://startupcpg.transistor.fm/episodes/operator-spotlight-r-d-insights-with-matt-craighead-r-d-manager-trubar/transcript,pack timing; compatibility; stability; version control; production; alternate ingredients
Agency operations,Startup CPG - Finding Your Co-Man with Lance Schwarzkopf,2025-01-07,podcast full transcript,high,https://startupcpg.transistor.fm/episodes/177-finding-your-co-man-lance-schwarzkopf-of-copack/transcript,specifications; NDA; co-pack agreement; lead times; supplier setup; production audit
Packaging podcasts,unPACKed with PMMI - Bridging Marketing & Operations in the Sustainability Shift,2025-09-24,podcast full transcript,high,https://www.pmmi.org/podcast/bridging-marketing-operations-in-the-sustainability-shift,legacy equipment; sealing; sustainable films; cost; EPR; supply-chain collaboration
Agency operations,Supply Chain Unfiltered - CPG Bulk Products and What to Expect from a 3PL,2026-02-18,podcast metadata,substantial,https://podcasts.apple.com/us/podcast/consumer-packaged-goods-bulk-products-and-what-to/id1875399584?i=1000750372858,3PL RFP; WMS; forecasting; inventory visibility; retailer volatility
Agency operations,Truck Yeah - What CPG Brands Get Wrong About Warehousing,2026-01-20,podcast episode,substantial,https://ziplinelogistics.com/blog/podcast/80-what-cpg-brands-get-wrong-about-warehousing-and-how-to-fix-it/,warehousing; kitting; inventory control; 3PL selection; omnichannel fulfillment
Packaging podcasts,unPACKed with PMMI - Testing the Limits of Sustainable Packaging,2025-05-28,podcast full transcript,high,https://www.pmmi.org/podcast/testing-the-limits-of-sustainable-packaging-how-to-build-the-perfect-package,package testing; barrier performance; material innovation; infrastructure; electronics protection
Wine and spirits,Dolia Talks - The end of wine glass bottles,2025-11-11,podcast full transcript,high,https://getdolia.com/es/resources/podcasts/dolia-talks/episode-4,e-commerce; flat bottles; freight; breakage; carbon; wine preservation
Wine and spirits,Packaging Perspectives - Sustainability in Spirits Packaging,2023-12-13,podcast transcript excerpt,high,https://www.packagingstrategies.com/articles/104327-podcast-sustainability-in-spirits-packaging,lightweighting; consumer transparency; design intelligence; recyclability; operational efficiency
Beauty,L'Oreal circular beauty packaging Q&A,2026-03-31,interview,substantial,https://www.cosmeticsdesign.com/Article/2026/03/31/qa-inside-loreals-strategy-to-scale-circular-beauty-packaging/,design-for-recycling; mono-materials; recycled content; manufacturing; EPR
Beauty,Glossy Beauty Podcast - Inside the world of beauty packaging,2025-10-16,podcast highlights,substantial,https://www.glossy.co/podcasts/the-glossy-beauty-podcast-inside-the-world-of-beauty-packaging/,design research; retail audits; eye tracking; consumer psychology; cost pressure
Beauty,Formula Botanica 323 - Packaging as an early product decision,2026-06,podcast notes,substantial,https://formulabotanica.com/podcast-eco-packaging/,formula compatibility; lifecycle; refill; supplier guidance; late-stage risk
Beauty,Formula Botanica 225 - Can cosmetic packaging be sustainable,2024-10,podcast notes,substantial,https://formulabotanica.com/podcast-cosmetic-packaging-sustainable/,PET; PP; HDPE; PCR; refill; testing; manufacturing
Beauty,Formula Botanica 112 - The dirty business of beauty waste,2022,podcast notes,substantial,https://formulabotanica.com/podcast-beauty-packaging-waste/,take-back; recycling infrastructure; consumer education; waste
Beauty,Global Cosmetics News - 2026 forces reshaping cosmetics,2025-11,podcast series,moderate,https://globalcosmeticsnews.podbean.com/,regulation; sourcing; consumer demand; sensorial packaging; M&A
Beauty,Beauty Confidential - Packaging Crisis Part 1,2026,podcast metadata,moderate,https://www.listennotes.com/et/podcasts/beauty/2-packaging-crisis-part-1-OsGZkAiQ6Sb/,mono-material pumps; PCR; airless systems; lightweighting; overseas production
Beauty,BeautyMatter - Beauty packaging trends defining 2026,2026-02-26,editorial,substantial,https://beautymatter.com/articles/the-beauty-packaging-trends-set-to-define-2026,materials; sensory design; regulation; accessibility; connected packaging
Consumer electronics,TRADEOFFS - Consumer electronics buyer to retail launcher,2025-01-07,full transcript,deep,https://tradeoffs.fm/6/transcript,retail launch; buyer requirements; hardware manufacturing; channel execution
Consumer electronics,Logitech - Sustainable packaging revolution,2025-04-01,expert interview,substantial,https://www.logitech.com/blog/2025/04/01/the-face-behind-logitechs-sustainable-packaging-revolution/,retail differentiation; protection; paper systems; coatings; testing
Consumer electronics,Logitech - Replacing mouse clamshells,2025-04-02,case study,substantial,https://www.logitech.com/blog/2025/04/02/breaking-the-mold-how-logitech-is-tackling-single-use-plastic-one-package-at-a-time/,plastic removal; paper conversion; unboxing; global retail rollout
Consumer electronics,Apple Environment - Product packaging,2026,current program page,substantial,https://www.apple.com/environment/index.html,fiber-based packaging; logistics emissions; recyclability; supplier manufacturing
Consumer electronics,Product Startup 230 - Packaging advice for hardware inventions,2024-06-14,podcast notes,substantial,https://www.makodesign.com/podcast/230-product-packaging-advice-for-your-new-hardware-invention/,hardware packaging; brand growth; design; supply chain; manufacturing
Consumer electronics,Logitech Design for Sustainability,2026,program page,substantial,https://www.logitech.com/en-sg/sustainability/dfs,carbon; circularity; materials; packaging; product redesign
Consumer electronics,Arkay - Consumer electronics packaging,2026-07,technical guide,moderate,https://www.arkay.com/resources/consumer-electronics-packaging,retail shelf; ecommerce; inserts; finishes; unboxing
Consumer electronics,Amazon This is Small Business - Product presentation,2023,podcast transcript,deep,https://www.smallbusiness.amazon/podcast-episodes/ep8,unboxing; packaging design; product presentation; ecommerce
Wine and spirits,Sustainable Wine Roundtable - Packaging perception and path to purchase,2025-06-30,recorded panel,deep,https://swroundtable.org/packaging-perception-and-the-path-to-purchase/,consumer acceptance; retailer stocking; alternative formats; premium cues
Wine and spirits,Sustainable Wine Roundtable - Packaging dilemma,2026-03-20,podcast notes,substantial,https://swroundtable.org/the-packaging-dilemma-how-can-we-make-more-informed-decisions/,choice framework; policy; bottle weight; carbon; consumer perception
Wine and spirits,Sustainable Wine Roundtable - Packaging policy costs and innovation,2026-05-28,webinar summary,substantial,https://swroundtable.org/packaging-policy-costs-and-innovation-opportunities-for-wine-in-the-eu-and-uk/,EPR; DRS; PPWR; compliance cost; alternative formats
Wine and spirits,Sustainable Wine Roundtable - Carbon footprint of packaging,2021-06-30,conference recording,substantial,https://swroundtable.org/the-carbon-footprint-of-packaging-and-what-should-be-done-about-it/,glass manufacture; transport; retailers; bottle weight
Wine and spirits,Sustainable Wine Roundtable - Vinmonopolet supply-chain transformation,2026-06-22,interview,substantial,https://swroundtable.org/news/sustainability-at-scale-how-vinmonopolet-is-transforming-packaging-in-its-supply-chain/,retailer mandates; lightweighting; supplier coordination; emissions
Wine and spirits,Beyond Packaging - Wine and spirits innovation,2025-09-09,podcast notes,substantial,https://podcasts.apple.com/us/podcast/raising-a-glass-to-packaging-innovation-in-wine-spirits/id1615455357?i=1000725774056,lightweight materials; design; storytelling; loyalty; transparency
Wine and spirits,WSWA - Labeled for Success,2021,recorded panel,substantial,https://www.wswa.org/Labeled_For_Success,label design; shelf differentiation; portfolio decisions; growth investment
Wine and spirits,GuildSomm - Package design and branding,2021,podcast notes,moderate,https://www.guildsomm.com/public_content/features/podcasts/b/guild_podcasts/posts/career-series-package-design-branding,label production; shelf presence; packaging innovation
Packaging podcasts,UnPACKed with PMMI,ongoing,podcast series,substantial,https://www.pmmi.org/podcasts,automation; packaging lines; OEM requirements; materials; regulation
Packaging podcasts,Beyond Packaging with Specright,ongoing,podcast series,substantial,https://podcasts.apple.com/us/podcast/beyond-packaging-with-laura-foti-matthew-wright/id1615455357,specifications; transitions; data; sustainability; innovation
Packaging podcasts,Sustainable Design Lab,ongoing,podcast series,moderate,https://podcasts.apple.com/us/podcast/sustainable-design-lab/id1805605532,materials; LCA; circularity; environmental claims
Packaging podcasts,Sustainable Packaging Show,ongoing,podcast series,moderate,https://podcasts.apple.com/us/podcast/sustainable-packaging-show-podcast/id1532969557,EPR; labeling; compostability; PPWR; recycling infrastructure
Packaging podcasts,OEM Magazine unPACKed - Testing sustainable packaging,2025-05-30,podcast article,substantial,https://www.oemmagazine.org/home/podcast/22942412/sustainable-packaging-innovating-for-consumer-demands,barrier testing; compostable materials; performance; consumer demand
Cross-category,Seed Money - Packaging that wins investors,2024-12,podcast notes,substantial,https://podcasts.apple.com/us/podcast/shelf-appeal-how-to-nail-packaging-that-wins-investors/id1740815877?i=1000679867782,investor readiness; sustainable cost; limited editions; packaging strategy
