arm,rank,topic,score,primary_evidence,content_gap,recommended_format,commercial_role
Agency,1,Co-manufacturer selection and scale-up,94,"1873 mentions; strong founder pain around lead times, process control, IP, and opaque intermediaries",No dedicated decision framework,"Definitive guide + supplier scorecard",Captures brands when production risk becomes an executive problem
Agency,2,Demand planning inventory and working capital,92,"973 mentions plus repeated stockout, over-ordering, and long inventory-commitment founder stories",No dedicated forecasting methodology,"Operator playbook + downloadable forecast model",Connects supply-chain execution directly to cash preservation
Agency,3,Gross margin landed cost and cost-to-serve,89,"956 mentions; rising evidence; frequent links to channel economics, freight, packaging, and trade spend",Existing material is fragmented,"Benchmark guide + margin diagnostic",Creates CFO and founder urgency with measurable leakage
Agency,4,Supplier resilience contracts and quality control,87,"1104 risk mentions plus hardware and beauty evidence on supplier dependency, testing, and compatibility",Limited category-specific risk content,"Risk playbook + audit checklist",Positions Logic as execution and control rather than advisory
Agency,5,Operational readiness for retail expansion,85,"Retail readiness is the highest-volume signal and repeatedly co-occurs with manufacturing and planning",Current coverage overweights retailer tactics,"Readiness system + category variants",Reframes retail wins as an operations mandate
Agency,6,3PL selection fulfillment and returns,82,"Founder/operator evidence on specialized 3PLs, WMS, visibility, damage, and retailer volatility",No robust 3PL decision asset,"RFP toolkit + comparison guide",Targets brands at a high-intent vendor-change moment
Agency,7,Beauty and personal-care operations,80,"Growing founder evidence on formula-pack compatibility, claims, retail standards, and packaging timelines",Beauty evidence not organized as an operating system,"Vertical hub + beauty launch checklist",Sharpens relevance for a core Logic ICP
Agency,8,Consumer hardware and babytech operations,77,"Transcript evidence on 6-12 month commitments, supplier dependency, compliance, returns, and retail launch",Thin category-native content,"Vertical guide + launch-risk matrix",Differentiates Logic in an underserved operational niche
Agency,9,Packaging engineering as an operations lever,75,"Packaging/compliance and sustainability total 1601 mentions and connect to freight, retail, quality, and cost",Often presented separately from supply chain,"Engineering guide + before/after cases",Creates a bridge between Agency and Pac demand
Agency,10,Embedded operations versus internal hiring,72,"Founder capacity constraints and cross-functional ownership recur, but direct comparison evidence is lighter",Existing positioning needs evidence-rich decision logic,"Comparison page + hiring-cost calculator",Clarifies the buying model and addresses the default internal-hire alternative
Pac,1,Designing packaging for retail conversion,95,"92 of 103 clean chunks; founder evidence on shelf recognition, category cues, pack size, and rebranding",No definitive retail-design system,"Flagship guide + shelf audit worksheet",Links design decisions to commercial outcomes
Pac,2,Beauty packaging development from formula to production,94,"Beauty founder transcripts show compatibility, testing, iteration, cost, and timeline are tightly linked",Evidence exists but is dispersed,"End-to-end beauty packaging playbook",Owns the highest-fit Pac category and a painful buying journey
Pac,3,Sustainable packaging without greenwashing,91,"84 of 103 clean chunks plus founder evidence on recyclability, infrastructure, refill, aluminum, and claims",Market content often reduces sustainability to material choice,"Tradeoff guide + claims checklist",Builds trust and qualifies buyers seeking credible sustainability
Pac,4,Packaging manufacturability MOQ cost and scale,89,"Manufacturing is a recurring constraint across beauty, luxury, hardware, and sustainable-material transcripts",Current storytelling underplays production execution,"Design-to-production guide + MOQ calculator",Differentiates Pac from design-only studios and commodity vendors
Pac,5,Influencer and PR kits that earn attention,86,"Strong offer fit; creator gifting and unboxing evidence; Logic Pac has a distinctive low-MOQ capability",External measured-outcome evidence remains thin,"Campaign playbook + kit planning brief",Creates demand from brand and PR teams across categories
Pac,6,Luxury packaging that earns its premium,84,"Founder and expert evidence on perceived value, tactility, reveal, jewelry, fragrance, and premium electronics",No cross-category luxury framework,"Visual field guide + teardown series",Expands Pac beyond beauty without diluting its design authority
Pac,7,Refill reuse and circular-system design,81,"42 theme mentions plus spirits and beauty evidence showing reverse logistics and behavior are system constraints",Most coverage stops at the container,"Systems guide + feasibility scorecard",Targets sophisticated sustainability teams and prevents weak-fit projects
Pac,8,Packaging claims compliance and retailer standards,78,"34 mentions plus beauty evidence on efficacy callouts, clean standards, EPR, and recycling claims",No practical cross-market compliance guide,"Claims guide + retailer checklist",Turns compliance complexity into early-stage project demand
Pac,9,Packaging for consumer electronics and babytech,75,"Evidence on protection, setup, theft/display, returns, paper retention structures, and safety cues",Category-native corpus remains smaller,"Category guide + structural teardown",Extends Pac into aligned high-value packaging projects
Pac,10,Wine and spirits packaging transition,73,"Evidence on bottle weight, closures, alternative formats, channel resistance, and circular distribution",Sources are growing but still less deep than beauty,"Transition guide + premium-format comparison",Builds authority in a category where packaging is central to economics and perception
