arm,rank,target_icp,buying_trigger,core_thesis,key_elements,proof_to_include,objections_to_address,soft_cta
Agency,1,"Founders, COOs, and operations leaders at scaling beauty, wellness, premium CPG, and beverage brands","Missed production windows, inconsistent quality, capacity limits, reformulation, or IP concerns","Co-man selection must test capability, capacity, controls, communication, and commercial fit—not just unit price.","Readiness brief; RFQ inputs; capability and capacity screen; audit questions; pilot process; quality agreement; IP/tooling ownership; lead-time validation; scorecard; transition plan","Founder evidence on variable lead times and opaque intermediaries; anonymized failure patterns; scorecard; cost-of-delay scenario","We already have a co-man; a broker handles this; audits slow launch; overseas is always cheaper","Use the scorecard to pressure-test your current or shortlisted co-man."
Agency,2,"Founders, COOs, finance leads, and demand planners at omnichannel brands","Stockouts alongside excess inventory, wholesale launch, long lead times, or cash trapped in slow SKUs","Forecasting is a cross-functional operating cadence that protects service levels and cash together.","Channel inputs; bottoms-up forecast; SKU segmentation; lead-time/MOQ assumptions; safety stock; launch scenarios; open-to-buy; accuracy and bias; operating cadence; ownership map","SEEQ and Dossier founder quotes; over-order scenario; cash-conversion example; downloadable model","Sales is unpredictable; we are too early for S&OP; software solves it; more inventory is safer","Model one high-risk SKU before the next purchase order."
Agency,3,"Founders, CFOs, and COOs adding wholesale, retail, international, or complex fulfillment","Revenue rises while cash and contribution margin weaken","Gross margin hides the operational leakage that determines whether growth creates or consumes cash.","Landed-cost waterfall; duties/freight; packaging/assembly; 3PL; deductions; returns/damage; trade spend; channel contribution; SKU/customer profitability; review cadence","Channel comparison; packaging-cube example; anonymized cost waterfall; authorized case metrics where relevant","Our gross margin is healthy; finance tracks this; freight is temporary; volume offsets leakage","Run one hero SKU through the full cost-to-serve waterfall."
Agency,4,"Founders, COOs, sourcing leaders, and quality leaders in beauty, wellness, hardware, and spirits","Single-source dependency, recurring defects, certification surprises, or communication failures","Resilience is designed through specifications, contracts, testing, alternates, and escalation rules before failure.","Dependency map; critical-component risk; approved specs; quality agreement; inspection/testing; change notification; certifications; capacity health; secondary sourcing; corrective actions; escalation tree","Hardware supplier-dependency quote; beauty compatibility examples; defect-cost scenario; risk matrix","A second source costs more; the relationship is strong; contracts cannot prevent defects; quality systems are overhead","Map the three supplier failures that could stop revenue this quarter."
Agency,5,"Founders, COOs, sales leaders, and operations teams preparing for major retail or distribution","Authorization arrives before systems and cash are ready","Getting on shelf is a commercial win; staying there requires inventory, compliance, data, fulfillment, and cash readiness before the first PO.","Readiness gates; unit economics; forecast/PO plan; onboarding; EDI/ASNs; routing guides; packaging/labeling; deductions; distributor terms; promotional inventory; velocity review; 30/60/90 plan","Retail-buyer and founder quotes; checklist; first-PO cash scenario; beauty, hardware, and beverage examples","The broker handles it; retailer forecasts are enough; compliance can wait; we will fix issues after launch","Pressure-test the operating plan before accepting the launch date."
Agency,6,"Founders, COOs, and ecommerce or operations leaders outgrowing a warehouse or incumbent 3PL","Weak visibility, rising errors or damage, retail requirements, kitting, or poor returns handling","A 3PL should be selected against the brand's operating model and next channel—not a generic rate card.","Order/SKU profile; B2B versus DTC; WMS/integrations; SLAs; accuracy; kitting; lot/expiry control; returns; retail compliance; peak capacity; implementation; exit terms; RFP scorecard","Dossier specialization evidence; damage/returns examples; weighted RFP; total-cost comparison","All 3PLs are similar; cheapest pick fee wins; Shopify integration is enough; switching is too risky","Use the requirements matrix before requesting another 3PL quote."
Agency,7,"Beauty founders, COOs, operations leaders, and product-development teams","SKU proliferation, retail expansion, formula-pack incompatibility, claims pressure, or component lead times","Beauty operations must coordinate formula, components, claims, suppliers, testing, inventory, and launch timing as one system.","Compatibility; critical path; decoration/artwork; stability/transit testing; batch control; claims/retailer standards; MOQ alignment; sampling; change control; SKU rationalization","Junk Theory, FROST, Daybird, and Dossier quotes; launch critical path; compatibility scenario; authorized Epicutis metrics","The lab handles packaging; the designer owns artwork; vendors manage timing; every SKU needs unique packaging","Map formula, pack, claims, and inventory dependencies on one launch calendar."
Agency,8,"Founders, COOs, hardware program managers, and supply-chain leaders in electronics, wearables, health tech, and babytech","Long commitments, certification risk, supplier concentration, retail launch, or high returns","Hardware scale needs control across engineering changes, suppliers, compliance, inventory, packaging, and channel launch.","Long-lead planning; BOM/revision control; tooling/capacity; certification/claims; incoming quality; protective packaging/setup; retail display/theft; warranty/returns; forecast scenarios; launch gates","Hardware-founder and Retailbound evidence; authorized Audio Enhancement metrics; risk matrix","The contract manufacturer owns operations; certification is engineering; more inventory protects launch; packaging is cosmetic","Identify the certification, supplier, or component that can move the launch date."
Agency,9,"Founders, COOs, sourcing, packaging, and logistics leaders across premium products","Packaging cost rises, damage persists, freight cube is high, or requirements change","Packaging engineering changes margin, freight, quality, throughput, compliance, and experience simultaneously.","System cost versus unit price; dimensions/cube; structure; line compatibility; pack-out labor; damage testing; palletization; retail compliance; sustainability; specification control; transition","Authorized Audio Enhancement and Artilect metrics; cost waterfall; before/after architecture","Redesign risks the brand; savings are too small; sustainability costs more; supplier owns specs","Evaluate one package on total system cost, not piece price."
Agency,10,"Founders, CEOs, investors, and finance leaders deciding how to add operating capacity","Founder remains the escalation point, hiring is slow, and problems span several specialties","The choice is which operating model provides accountable execution at the brand's current complexity and risk.","Readiness signals; ownership scope; hire cost/time; fractional versus project versus embedded; specialties; governance; transition; 90-day outcomes; when to hire internally","Current economics only after confirmation; workload scenarios; responsibility matrix; founder-capacity evidence; authorized outcomes","Outside teams lack context; we need one owner; retainers get expensive; wait until after the raise","Compare the next 12 months of operating needs—not just one salary line."
Pac,1,"Brand directors, marketing leaders, founders, and packaging leads in beauty, wellness, luxury, and premium products","Retail launch, rebrand, weak shelf recognition, or inability to justify premium price","Retail packaging must communicate category, benefit, brand, and price point in seconds while surviving operational constraints.","Shelf audit; category codes; hierarchy/claims; size/silhouette; color/finish; primary-secondary relationship; retailer requirements; accessibility; transit integrity; testing; iteration","Daybird and Doosra quotes; shelf audit; verified retailer evidence; before/after mockups","Great design stands out alone; DTC transfers to retail; more claims improve conversion; premium means more material","Audit the pack at shelf distance before approving the next print run."
Pac,2,"Beauty founders and product-development, brand, or packaging leaders","Formula, dispensing, components, artwork, and timing move separately","Beauty packaging succeeds when compatibility, experience, design, suppliers, and production develop together from the start.","Product brief; formula/dosage; primary pack/dispensing; compatibility/stability; decoration; secondary structure; claims/artwork; samples/color standards; MOQ/lead time; filling-line fit; testing; change control","Junk Theory and FROST quotes; Dossier standardization; compatibility examples; development timeline","Packaging comes after formula; stock components eliminate testing; every SKU needs a custom pack","Bring packaging into the critical path before formula and launch dates are locked."
Pac,3,"Founders and sustainability, brand, innovation, or packaging leaders","Sustainability goals, retailer mandates, EPR pressure, or consumer scrutiny","Credible sustainability is a documented tradeoff across reduction, reuse, material, manufacturing, transport, recovery, and claims.","Waste hierarchy; baseline; lifecycle boundaries; lightweighting; recycled content; mono-materials; refill/reuse feasibility; recovery; certifications; substantiation; EPR/PPWR; testing","Formula Botanica and PMMI evidence; ecoSPIRITS example; material comparison; claims checklist","Recyclable means sustainable; refill is always better; glass is greener; sustainability destroys luxury","Choose the sustainability outcome first, then design the package and claim around it."
Pac,4,"Founders and brand, packaging, procurement, or product-development leaders","Concept fails quoting, MOQ exceeds demand, lead time threatens launch, or line incompatibility appears late","Design must be engineered for the actual supplier, process, equipment, volume, labor, and landed-cost target.","Volume/forecast; target cost; process; dielines/tolerances; materials/finishes; tooling; capability; MOQ; sampling; line compatibility; QC; lead time; freight; scale path; change control","Greg Berguig and Matt Craighead quotes; MOQ scenarios; sample-to-production gates; landed-cost example","Any printer can make it; prototypes prove manufacturability; lower MOQ is always better","Pressure-test the concept against volume, equipment, and target landed cost before final art."
Pac,5,"Brand marketing, PR, influencer, experiential, and agency leads across aligned categories","Product launch, seeding, press moment, collaboration, or holiday activation","A high-performing kit is a designed content experience serving one campaign objective through reveal, messaging, protection, kitting, and production.","Audience/action; filming context; opening sequence; hierarchy/story; fit/protection; inserts; personalization; privacy; assembly/fulfillment; quantity tiers; timeline; measurement","Logic Pac low-MOQ capability; verified unboxing evidence; campaign brief; measured-outcome evidence marked as a gap","Bigger boxes earn more posts; every recipient needs the same kit; ROI cannot be measured","Define the moment you want creators to film before designing the structure."
Pac,6,"Founders and creative, brand, packaging, or ecommerce leaders in luxury categories","Premium repositioning, gifting, retail expansion, or packaging that does not match price","Luxury comes from coherence, restraint, tactility, structure, pacing, sound, and service—not simply heavier materials.","Price context; brand codes; sensory hierarchy; materials/finishes; reveal; protection; gifting; shipper; theft/returns; accessibility; repeat-order path; sustainability; consistency","Evelio Mattos quote; fragrance/jewelry sources; teardown; first-order versus replenishment economics","Luxury requires weight; sustainability weakens premium; more layers create value","Identify the three details that must carry the premium impression and remove the rest."
Pac,7,"Sustainability, innovation, packaging, operations, and brand leaders in beauty and spirits","Refill/reuse commitment, packaging fees, retailer program, or single-use reduction goal","Refill only works when protection, behavior, return logistics, cleaning, tracking, economics, and communication form a system.","Use case/geography; architecture; reuse threshold; compatibility/hygiene; behavior; collection; cleaning; reverse logistics; retailer role; tracking; cost/use; loss; claims","ecoSPIRITS and beauty-refill evidence; system map; break-even scenario; regional limitations","Consumers will return it; refill automatically lowers impact; one model works everywhere","Model the complete return loop before engineering the refill component."
Pac,8,"Founders and brand, regulatory, packaging, and ecommerce leaders","New efficacy/sustainability claim, retailer onboarding, EPR change, or redesign","Claims need evidence, hierarchy, market rules, retailer standards, and end-of-life reality before artwork approval.","Claim inventory; substantiation owner; regulatory versus marketing language; retailer standards; recyclability/disposal; certifications; symbols; hierarchy; variants; approval; change log","Daybird quote; greenwashing/EPR sources; claims matrix; retailer checklist","Small brands are not scrutinized; supplier certificates suffice; recyclable claims are universal","Create the claim-evidence matrix before the design review."
Pac,9,"Founders and product marketing, industrial design, packaging engineering, and retail leaders in headphones, wearables, health tech, and babytech","Retail launch, high returns, plastic-reduction goal, confusing setup, or premium repositioning","Hardware packaging must protect, teach setup, satisfy retail security, reduce returns, and feel premium without avoidable cube or plastic.","Device/accessory architecture; protection tests; opening/setup; cable organization; safety cues; anti-theft/display; ecommerce versus retail; cube; paper retention; accessibility; returns feedback; revisions","Retailbound/hardware evidence; authorized Audio Enhancement metric; damage/setup scenario; teardown","Industrial design owns experience; more foam is safer; QR codes replace instructions; one pack fits all channels","Design the first five minutes of ownership alongside the protective structure."
Pac,10,"Founders and brand, sustainability, packaging, or operations leaders at premium wine and spirits brands","Glass cost/weight, new format, DTC growth, retailer mandate, reuse initiative, or premium repositioning","A format transition must preserve premium cues while proving protection, production fit, channel acceptance, understanding, and logistics economics.","Baseline; bottle weight/cube; alternatives; closures/barrier; labels/decoration; filling-line fit; case/pallet; DTC protection; channel objections; education; EPR/DRS/PPWR; pilot","Packamama and ecoSPIRITS quotes; Juliet evidence; freight comparison; premium-cue audit","Glass is required for premium; distributors resist change; weight signals quality","Pilot one channel and prove economics and perception before a full portfolio change."
