arm,painpoint,internal_evidence,source_speaker,source_episode,outreach_one_liner,guide_or_blog_angle,usage_status
Agency,Forecasting without operating history,"Founders described forecasting and inventory planning as a difficult learning curve.",Hannah Perez,Founder Feature: Hannah Perez of SEEQ Supply,"Demand can grow faster than your inventory planning muscle.",How founders can build a forecast before they have clean historical data,paraphrase_only
Agency,Stockouts block growth,"A founder reported being out of stock for at least six of the first twelve months.",Hannah Perez,Founder Feature: Hannah Perez of SEEQ Supply,"Growth is expensive when half the year is spent out of stock.",The cash and growth cost of chronic stockouts,paraphrase_only
Agency,Operations gets involved too late,"Operators repeatedly connect late operational input with longer timelines and avoidable rework.",Multiple speakers,Multiple episodes,"The expensive part of a new idea is often what operations learns last.",A launch-stage operational readiness checklist,paraphrase_only
Agency,Co-manufacturer opacity,"Founders lack visibility into co-man inventory systems and production readiness.",Lance Schwarzkopf,Finding Your Co-Man,"A production date is not a plan until every input is confirmed on site.",How to verify co-man readiness before a production run,paraphrase_only
Agency,Supplier lead-time volatility,"One delayed ingredient or packaging component can move the entire production schedule.",Lance Schwarzkopf,Finding Your Co-Man,"Your launch can be late because one supplier's four-week lead time quietly became three months.",Supplier lead-time buffers and critical-path planning,paraphrase_only
Agency,Retail onboarding complexity,"Operators describe EDI setup, brokers, warehouses, ERP integration, and retailer requirements arriving together.",Laura Romano,Ops Spotlight: Laura Romano of Graza,"Landing a major retailer creates an operations project before it creates revenue.",What operational work starts after the retail yes,paraphrase_only
Agency,Unit economics discovered too late,"External speakers connect weak margins and contribution economics with difficult downstream correction.",Multiple speakers,Investor and operator episodes,"You cannot outgrow a margin problem that scales with every unit.",A practical gross-margin diagnostic for scaling brands,paraphrase_only
Agency,Fragmented ownership,"Brands rely on brokers, warehouses, co-mans, suppliers, and software without one operating owner.",Multiple speakers,Multiple episodes,"Five vendors do not add up to one accountable operator.",Why point solutions fail without operating ownership,paraphrase_only
Pac,Packaging starts too late,"Packaging decisions are often squeezed in after formulation, branding, and marketing.",Jerome Fraillon,Beauty brands think about packaging last,"Packaging becomes expensive when it starts after every decision it needs to influence.",When packaging should enter the product-development timeline,paraphrase_only
Pac,Formula and package incompatibility,"Beauty sources stress compatibility and stability testing alongside package development.",Multiple speakers,Beauty packaging episodes,"A beautiful pack is a failed pack if the formula cannot live in it.",Beauty packaging compatibility and stability testing,paraphrase_only
Pac,Design-to-manufacturing gap,"New materials and structures can create sealing and legacy-equipment problems.",Greg Berguig,Bridging Marketing & Operations in the Sustainability Shift,"A sustainable material is not commercially sustainable if it will not run on the line.",Design-for-manufacture for sustainable packaging,paraphrase_only
Pac,Sustainability oversimplification,"Sources warn that recyclability alone misses reduction, reuse, transport, sourcing, and end-of-life realities.",Jerome Fraillon,Beauty brands think about packaging last,"Recyclable is one attribute, not a sustainability strategy.",A lifecycle decision framework that avoids greenwashing,paraphrase_only
Pac,Premium packaging freight penalty,"Wine and electronics sources connect form factor and weight with delivery economics.",Multiple speakers,Wine and electronics packaging episodes,"Premium packaging can quietly spend its margin in the freight lane.",How structural design changes landed cost,paraphrase_only
Pac,Version-control rework,"Frequent pack changes create obsolete artwork, unclear versions, and operational headaches.",Matt Craighead,R&D Insights with Matt Craighead,"Every packaging revision creates inventory you may no longer be able to use.",Packaging change control and obsolete inventory,paraphrase_only
Pac,Retail fit is not visual alone,"Packaging must communicate category and premium cues while surviving transit and retailer constraints.",Multiple speakers,Multiple episodes,"Shelf presence starts with design and ends with whether the pack survives the system.",Connecting shelf impact to transit and retail compliance,paraphrase_only
