sentence,topic,speaker,is_host,source_title,date,quote_type,public_use_suitable
"We had a short experience with Petco, which we found a little difficult to distinguish ourselves and just kind of get a our brand out in what I call a bit of a skew fest","Wholesale expansion, buyer relationships, and in-store growth",Cam Mathias,False,Founder Feature: Cam Mathias of Huntaway,2024-08-16T07:00:00.000Z,pain_language,requires_verification
"You know, it's very hard to differentiate yourself against some of the biggest consumer brands in the world","Wholesale expansion, buyer relationships, and in-store growth",Cam Mathias,False,Founder Feature: Cam Mathias of Huntaway,2024-08-16T07:00:00.000Z,pain_language,requires_verification
So it became kind of clear to us that they were an outsourced operations outfit and they were just brokering this deal for us,"Co-manufacturer selection, scale-up, process control, and IP",Katherine Harvey,False,"#162 - Ops Nightmares, Powered by Crstl",2024-09-24T07:00:00.000Z,pain_language,requires_verification
And who introduced you to this master co man broker again,"Co-manufacturer and distributor contracts, liability, and operational risk",Katherine Harvey,False,"#162 - Ops Nightmares, Powered by Crstl",2024-09-24T07:00:00.000Z,pain_language,requires_verification
And would you care to tell us about your ops nightmare,Sustainable packaging materials and tradeoffs,Brady DeLong,False,"#162 - Ops Nightmares, Powered by Crstl",2024-09-24T07:00:00.000Z,pain_language,requires_verification
So we've had several brands come to us because of Ops nightmares,"Retail buyer readiness, category fit, and expectations",Teva Vogelstein,False,"#162 - Ops Nightmares, Powered by Crstl",2024-09-24T07:00:00.000Z,pain_language,requires_verification
"Designed to eliminate workflow bottlenecks and drive growth for your brand, Crystal offers a user friendly platform that seamlessly connects you to a vast network of retailers, distributors, and tools you need to run your business","Wholesale expansion, buyer relationships, and in-store growth",Daniel Scharff,False,"#162 - Ops Nightmares, Powered by Crstl",2024-09-24T07:00:00.000Z,pain_language,requires_verification
"So for our next production run in July, we'll be able to set up D2C with hopefully no Broken bottles","Retail buyer readiness, category fit, and expectations",Fane He,False,Founder Feature - Fane He and Kyle Nguyen of  The Lucky Ox,2025-06-20T07:00:00.000Z,pain_language,requires_verification
"So, I mean, do you feel like that is a typical process where it would be me just talking to my brokers, talking to my salespeople, doing a bottoms up forecast at each retailer and distributor, really trying to have as close of a sense we could for what the forecast is going to be, even just for the ","Wholesale expansion, buyer relationships, and in-store growth",Daniel Scharff,False,#218 - Forecasting 101 with Graza & Drivepoint,2025-10-14T07:00:00.000Z,pain_language,requires_verification
I love talking to early stage founders and sort of helping them get on the right path with this stuff so that we don't have to make those mistakes in the early days,"Wholesale expansion, buyer relationships, and in-store growth",Austin Gardner-Smith,False,#218 - Forecasting 101 with Graza & Drivepoint,2025-10-14T07:00:00.000Z,pain_language,requires_verification
"Obviously hard to do that as a small brand where you're just really even trying to like get a promotion to actually happen and be planned, but you're","Wholesale expansion, buyer relationships, and in-store growth",Daniel Scharff,False,#224 - The Rise of Neuro Gum with Kent Yoshimura,2025-11-25T08:00:00.000Z,pain_language,requires_verification
"But like checkout, I was always really interested in just how competitive and expensive checkout is","Wholesale expansion, buyer relationships, and in-store growth",Daniel Scharff,False,#224 - The Rise of Neuro Gum with Kent Yoshimura,2025-11-25T08:00:00.000Z,pain_language,requires_verification
And we just gathered around that frustration and this disconnection with beauty standards that we felt,"Retail buyer readiness, category fit, and expectations",Veena Krishnan,False,Founder Feature: Veena Krishnan and Whitney McElwain of Daybird,2024-08-10T01:11:34.000Z,pain_language,requires_verification
"So we're not immune to the challenges that every other brand, you know, that we hear about other brands going through","Retail buyer readiness, category fit, and expectations",Veena Krishnan,False,Founder Feature: Veena Krishnan and Whitney McElwain of Daybird,2024-08-10T01:11:34.000Z,pain_language,requires_verification
"It's easy to get on the shelf, it's hard to stay on the shelf","Wholesale expansion, buyer relationships, and in-store growth",Veena Krishnan,False,Founder Feature: Veena Krishnan and Whitney McElwain of Daybird,2024-08-10T01:11:34.000Z,pain_language,requires_verification
"There have been several shop brands over the years and I think some have been challenged by, you know, the fact tha",Regional retail expansion and local-to-national growth,Alex Malamatinas,False,"#155 - The Beverage Investors: Salle Jian, Alex Malamatinas, Brandon Yahn and Connor McKenna",2024-08-06T07:00:00.000Z,pain_language,requires_verification
"Because otherwise it turns out to be extremely expensive because of the expectation of having promotional calendars and investing on their marketing or whatever it is, you know","Wholesale expansion, buyer relationships, and in-store growth",Maria Covarrubia,False,Founder Feature: Maria Covarrubias of Cien Chiles,2024-06-21T07:00:00.000Z,pain_language,requires_verification
"So for us, a focus moving forward and like closing thi","Wholesale expansion, buyer relationships, and in-store growth",Maria Covarrubia,False,Founder Feature: Maria Covarrubias of Cien Chiles,2024-06-21T07:00:00.000Z,pain_language,requires_verification
"But the challenge that we have then is like, well, what even is your category","Co-manufacturer selection, scale-up, process control, and IP",Michael Brandt,False,#229 - The Rise of Ketone IQ: Creating a New Energy Category with Michael Brandt,2025-12-30T08:00:00.000Z,pain_language,requires_verification
"And I assume you probably have pretty good margins at this point to be able to do that because obviously it is Expensive to give people a free product at the retail price, not just your cost","Wholesale expansion, buyer relationships, and in-store growth",Michael Brandt,False,#229 - The Rise of Ketone IQ: Creating a New Energy Category with Michael Brandt,2025-12-30T08:00:00.000Z,pain_language,requires_verification
I'm in a lot of the sales meetings and doing marketing and brand and some painful stuff that's administrative or legal,"Co-manufacturer selection, scale-up, process control, and IP",Jesse Konig,False,"Founder Fundraising Journey: Jesse Konig, CEO & Co-Founder of Jesse & Ben's",2026-02-28T08:00:00.000Z,pain_language,requires_verification
"And I think it's something about like, if you're not a total pro on wine, it's hard to know","Retail buyer readiness, category fit, and expectations",Daniel Scharff,False,#202 - Buyer Spotlight: Total Wine & More,2025-06-24T07:00:00.000Z,pain_language,requires_verification
"And so you see in our business, I think you see people making mistakes like this all the time, especially with like legacy brands where they might say, oh, it's time for a revamp and not really understanding your demographic or trying to move from one demographic that you've","Retail buyer readiness, category fit, and expectations",Michael Lowry,False,#202 - Buyer Spotlight: Total Wine & More,2025-06-24T07:00:00.000Z,pain_language,requires_verification
"And so you should never fail to bring product to us that is great product, regardless of how much you're making","Co-manufacturer selection, scale-up, process control, and IP",Michael Lowry,False,#202 - Buyer Spotlight: Total Wine & More,2025-06-24T07:00:00.000Z,pain_language,requires_verification
"But in consumer it's like problem one, make sure it works","Retail buyer readiness, category fit, and expectations",Hannah Dittman,False,"Investor Spotlight: Hayden Williams, BrandProject",2026-02-07T08:00:00.000Z,pain_language,requires_verification
"Of course, problem two, make sure like the emotional resonance, the clarity, the attention, all of those other things are coming to you","Retail buyer readiness, category fit, and expectations",Hannah Dittman,False,"Investor Spotlight: Hayden Williams, BrandProject",2026-02-07T08:00:00.000Z,pain_language,requires_verification
Daniel from Front Page Retail says it helps him understand brand challenges and their most pressing needs,Regional retail expansion and local-to-national growth,Daniel Scharff,False,"#171 - Buyer Spotlight: Taylor Cathala, Senior Spirits Category Merchant, Whole Foods Market",2024-11-19T08:00:00.000Z,pain_language,requires_verification
"Like, if it's zero sales every two months and it's like, that's a problem",Retailer and distributor onboarding and category management,Taylor Cathala,False,"#171 - Buyer Spotlight: Taylor Cathala, Senior Spirits Category Merchant, Whole Foods Market",2024-11-19T08:00:00.000Z,pain_language,requires_verification
"I know it can be a little, kind of hard to do on Zoom","Retail buyer readiness, category fit, and expectations",Daniel Scharff,False,"#166 - CPG Trade Media: Elizabeth Crawford, Brooke Just, and Adrianne DeLuca",2024-10-22T07:00:00.000Z,pain_language,requires_verification
"So yeah, I don't think we had a lot of headway there and I think that's a challenge for a lot of brands","Co-manufacturer selection, scale-up, process control, and IP",Jenna,False,#121 How to Launch in Foodservice with Sales Pro Jenna Cameron Part 1,2024-01-02T08:00:00.000Z,pain_language,requires_verification
"Tiered question, because I think people understand, hey, depending on where your warehouse is, if you have to deliver across the country, that can get very expensive",Regional retail expansion and local-to-national growth,Daniel Scharf,False,#121 How to Launch in Foodservice with Sales Pro Jenna Cameron Part 1,2024-01-02T08:00:00.000Z,pain_language,requires_verification
And where we see the future of innovation for our packaging developments is very much looking at consumer pain points,Sustainable packaging materials and tradeoffs,Zoe Levin,False,Founder Feature: Zoe Levin of Bim Bam Boo,2025-03-21T07:00:00.000Z,pain_language,requires_verification
We got burned from that pretty bad,Sustainable packaging materials and tradeoffs,Zoe Levin,False,Founder Feature: Zoe Levin of Bim Bam Boo,2025-03-21T07:00:00.000Z,pain_language,requires_verification
Part of our formulation is really difficult to make,"Co-manufacturer selection, scale-up, process control, and IP",Daniel Scharff,False,Founder Feature: Charlie Gentry of TruJoy,2024-10-25T07:00:00.000Z,pain_language,requires_verification
I was going to ask about that in terms of also just some of the challenges of cold chain logistics when you are also living in a very hot state,Regional retail expansion and local-to-national growth,Charlie Gentry,False,Founder Feature: Charlie Gentry of TruJoy,2024-10-25T07:00:00.000Z,pain_language,requires_verification
"We've had a lucky start, but we still had challenges",Regional retail expansion and local-to-national growth,Daniel Scharff,False,Founder Feature: Charlie Gentry of TruJoy,2024-10-25T07:00:00.000Z,pain_language,requires_verification
So that's what makes it so difficult,Retailer and distributor onboarding and category management,Rich Gilmore,False,"#138 Buyer Spotlight: Rich Gillmore, Gelson's",2024-04-16T07:00:00.000Z,pain_language,requires_verification
You can stand there in front of 200 different varieties of energy drinks and it gets overwhelming,Regional retail expansion and local-to-national growth,Rich Gilmore,False,"#138 Buyer Spotlight: Rich Gillmore, Gelson's",2024-04-16T07:00:00.000Z,pain_language,requires_verification
"And yeah, we're talking to kind of Costco broker","Wholesale expansion, buyer relationships, and in-store growth",Jia Liao,False,"Founder Feature: Jia Liao, Hotpot Queen",2024-05-31T07:00:00.000Z,pain_language,requires_verification
Then all of a sudden you have a very big problem,"Co-manufacturer and distributor contracts, liability, and operational risk",Ryan Hall,False,#243 - Building Your Team Legal Considerations with Giannuzzi Lewendon,2026-04-07T07:00:00.000Z,pain_language,requires_verification
"Yeah, so those are kind of some of the problems that you'll typically run into","Co-manufacturer and distributor contracts, liability, and operational risk",Ryan Hall,False,#243 - Building Your Team Legal Considerations with Giannuzzi Lewendon,2026-04-07T07:00:00.000Z,pain_language,requires_verification
"It's so hard to think about contemplating all of that, like, okay, I'm hiring this person","Co-manufacturer and distributor contracts, liability, and operational risk",Daniel Scharff,False,#243 - Building Your Team Legal Considerations with Giannuzzi Lewendon,2026-04-07T07:00:00.000Z,pain_language,requires_verification
"You give people a lot of leverage to be able to potentially create problems if they know, hey, the company's about to sell and if I create some problems, maybe they're going to be very incentivized to, like, pay me something in order to sign this","Co-manufacturer and distributor contracts, liability, and operational risk",Ryan Hall,False,#243 - Building Your Team Legal Considerations with Giannuzzi Lewendon,2026-04-07T07:00:00.000Z,pain_language,requires_verification
"And what has been a challenge for you so far in this journey, you're very new into the journey","Retail buyer readiness, category fit, and expectations",Caitlin Bricker,False,Founder Feature: Maria of The Purple Drop,2026-04-24T07:00:00.000Z,pain_language,requires_verification
"And then eventually I ran across problems in the emerging sector, which was where I could be of the most value, but I ran into problems that were beyond the scope of what I could physically handle myse","Co-manufacturer and distributor contracts, liability, and operational risk",Jamie Valenti Jordan,False,"#133 How to Make and Scale Your Product with Jamie Valenti-Jordan, Catapult Commercialization Services Part 1",2024-03-19T07:00:00.000Z,pain_language,requires_verification
"Every minute that they're not running their production line, they're losing money because they have to pay the peopl","Co-manufacturer and distributor contracts, liability, and operational risk",Jamie Valenti Jordan,False,"#133 How to Make and Scale Your Product with Jamie Valenti-Jordan, Catapult Commercialization Services Part 1",2024-03-19T07:00:00.000Z,pain_language,requires_verification
"Day, it is hard to be small in the mass market area of food and beverage","Wholesale expansion, buyer relationships, and in-store growth",Jamie Valenti Jordan,False,"#133 How to Make and Scale Your Product with Jamie Valenti-Jordan, Catapult Commercialization Services Part 1",2024-03-19T07:00:00.000Z,pain_language,requires_verification
"I don't know about other cpgs in health and beauty and things like that, but in food and beverage, it's very hard to be small","Wholesale expansion, buyer relationships, and in-store growth",Jamie Valenti Jordan,False,"#133 How to Make and Scale Your Product with Jamie Valenti-Jordan, Catapult Commercialization Services Part 1",2024-03-19T07:00:00.000Z,pain_language,requires_verification
"It's hard to call stores, it's hard to get response","Retail buyer readiness, category fit, and expectations",Daniel Scharff,False,"#129 Buyer Spotlight: Jonathan Lawrence, Fresh Thyme Market",2024-02-20T08:00:00.000Z,pain_language,requires_verification
"And I hope my mom isn't listening to this, but probably picking up some very inexpensive beer also with my fake id","Wholesale expansion, buyer relationships, and in-store growth",Daniel Scharff,False,"#129 Buyer Spotlight: Jonathan Lawrence, Fresh Thyme Market",2024-02-20T08:00:00.000Z,pain_language,requires_verification
And so it makes it a little bit more difficult,"Retail buyer readiness, category fit, and expectations",Jonathan Lawrence,False,"#129 Buyer Spotlight: Jonathan Lawrence, Fresh Thyme Market",2024-02-20T08:00:00.000Z,pain_language,requires_verification
"The category manager has to challenge himself as well, the brand, because they're going to say, well, where should I put this",Retailer and distributor onboarding and category management,Jonathan Lawrence,False,"#129 Buyer Spotlight: Jonathan Lawrence, Fresh Thyme Market",2024-02-20T08:00:00.000Z,pain_language,requires_verification
Saying yes to everything doesn't mean you're losing your value connection if you say no,"Retail buyer readiness, category fit, and expectations",Rebecca Styn,False,#232 - 2026 Brand Resolutions,2026-01-20T08:00:00.000Z,pain_language,requires_verification
"And I think also, like, there's gonna be a lot of consultants, quote unquote, out there who try to sell you a bill of goods and say, oh, I'm going to fix all your problems and it's going to be all like, do not, do not go near them","Co-manufacturer and distributor contracts, liability, and operational risk",Ariel,False,Founder Feature: Ariel Altman and Ronny Berger of Figa Foods,2025-08-01T07:00:00.000Z,pain_language,requires_verification
I think we had a lot of hard lessons on our side trying to figure out really hard problems that no one's figured out before because we'r,"Co-manufacturer and distributor contracts, liability, and operational risk",Ariel,False,Founder Feature: Ariel Altman and Ronny Berger of Figa Foods,2025-08-01T07:00:00.000Z,pain_language,requires_verification
"Yeah, that's the challenge, is they we","Co-manufacturer selection, scale-up, process control, and IP",Jeff Church,False,"#123 Jeff Church's Lessons on Entrepreneurship, from Suja Juice $140 Million/year Success to Shutting down Rowdy Energy",2024-01-09T08:00:00.000Z,pain_language,requires_verification
That's a difficult price point to be successful at,"Retail buyer readiness, category fit, and expectations",Jeff Church,False,"#123 Jeff Church's Lessons on Entrepreneurship, from Suja Juice $140 Million/year Success to Shutting down Rowdy Energy",2024-01-09T08:00:00.000Z,pain_language,requires_verification
"Sometimes it is the packaging, which is hard because it is an expensive endeavor usually","Retail buyer readiness, category fit, and expectations",Janice Greenwald,False,#199 - How to Drive Velocity with Marketing with Janice Greenwald,2025-06-03T07:00:00.000Z,pain_language,requires_verification
They had no problem getting into retail,"Retail buyer readiness, category fit, and expectations",Janice Greenwald,False,#199 - How to Drive Velocity with Marketing with Janice Greenwald,2025-06-03T07:00:00.000Z,pain_language,requires_verification
What they had problem with was getting it off the shelf,"Retail buyer readiness, category fit, and expectations",Janice Greenwald,False,#199 - How to Drive Velocity with Marketing with Janice Greenwald,2025-06-03T07:00:00.000Z,pain_language,requires_verification
Solving a problem that's out there,"Retail buyer readiness, category fit, and expectations",Daniel Scharff,False,#199 - How to Drive Velocity with Marketing with Janice Greenwald,2025-06-03T07:00:00.000Z,pain_language,requires_verification
"They did have one of these problems, you diagnosed it, something changed, and then that fixed their velocity issue","Retail buyer readiness, category fit, and expectations",Janice Greenwald,False,#199 - How to Drive Velocity with Marketing with Janice Greenwald,2025-06-03T07:00:00.000Z,pain_language,requires_verification
"And I mean, I, I mean the velocity will ultimately show you everything, but it's hard to get that big of a sample when you're a small brand and you don't know exactly what's doing what","Retail buyer readiness, category fit, and expectations",Daniel Scharff,False,#199 - How to Drive Velocity with Marketing with Janice Greenwald,2025-06-03T07:00:00.000Z,pain_language,requires_verification
"And if it's not, there's a real problem and we need to address that problem first before we just put these kind of band aids on of shopper marketing, which is going to drive trial, but it's going to be endless paying for acquiring new consumers","Wholesale expansion, buyer relationships, and in-store growth",Janice Greenwald,False,#199 - How to Drive Velocity with Marketing with Janice Greenwald,2025-06-03T07:00:00.000Z,pain_language,requires_verification
"So we're definitely trying to challenge ourselves as well and, you know, bringing on more people as brand ambassadors and just getting the word out","Retail buyer readiness, category fit, and expectations",Brenna Turner,False,Founder Feature: Brenna Turner and Joey Labes of Sake High!,2025-05-30T07:00:00.000Z,pain_language,requires_verification
"Honestly, that can be one of the most overwhelming pieces, is how do you distill your message","Retail buyer readiness, category fit, and expectations",Susan Hartman 1,False,Founder Feature: Susan Hartman of Recoup Beverages,2025-03-14T07:00:00.000Z,pain_language,requires_verification
"It really does, is we've worked super hard to bring this brand to life","Retail buyer readiness, category fit, and expectations",BJ Howard,False,Founder Feature: BJ Howard of Wild West Chocolate,2025-09-19T07:00:00.000Z,pain_language,requires_verification
"So me personally, and again, we started this talking about what got me interested in CPG and food industry specifically, and that is that there actually are a lot of problems with our food system where companies are overreaching and positioning themselves in a way as being beneficial to the environm","Retail buyer readiness, category fit, and expectations",Lauren Handel,False,#125 The Most Common Lawsuits Hitting Brands Right Now with Handel Food Law,2024-01-23T08:00:00.000Z,pain_language,requires_verification
"It's only been a month since the trade show, but I'm really positive, but with super overwhelming with th","Wholesale expansion, buyer relationships, and in-store growth",Aman Blana,False,"Founder Feature: Aman Blana, Growee Foods",2024-05-03T07:00:00.000Z,pain_language,requires_verification
But I had no problem selling a convent,Regional retail expansion and local-to-national growth,Paul Voge,False,Bonus: Getting Into Retail & Tips from a Buyer,2023-12-30T08:08:00.000Z,pain_language,requires_verification
"You were doing it, you had a broker","Wholesale expansion, buyer relationships, and in-store growth",Paul Voge,False,Bonus: Getting Into Retail & Tips from a Buyer,2023-12-30T08:08:00.000Z,pain_language,requires_verification
"And then as you get into regional chains like EarthFair, it's probably time to find an early stage broker that knows those specific regional chains of a specific channel","Wholesale expansion, buyer relationships, and in-store growth",Paul Voge,False,Bonus: Getting Into Retail & Tips from a Buyer,2023-12-30T08:08:00.000Z,pain_language,requires_verification
"And then as you become a national sales company, you could find a broker for natural, a broker for convenience, a broker for conventional, et cetera","Wholesale expansion, buyer relationships, and in-store growth",Paul Voge,False,Bonus: Getting Into Retail & Tips from a Buyer,2023-12-30T08:08:00.000Z,pain_language,requires_verification
"Like, that wasn't Necessarily a financial mistake as much as it was just like a","Wholesale expansion, buyer relationships, and in-store growth",Sam Tichnor,False,#207 - FFUPs' Shutdown: Post-Mortem & Lessons for Brands,2025-07-29T07:00:00.000Z,pain_language,requires_verification
"We were always thinking about we had working capital problems and you know, we wanted to make sure that, you know, we can move the brand in the direction that it needed to","Wholesale expansion, buyer relationships, and in-store growth",Sam Tichnor,False,#207 - FFUPs' Shutdown: Post-Mortem & Lessons for Brands,2025-07-29T07:00:00.000Z,pain_language,requires_verification
"But like, wow, it's expensive to get consumers to discover new kinds of products and new brands","Retail buyer readiness, category fit, and expectations",Daniel Scharff,False,#207 - FFUPs' Shutdown: Post-Mortem & Lessons for Brands,2025-07-29T07:00:00.000Z,pain_language,requires_verification
"It's very difficult to get a pot on the stove to scale up to 100 gallons, but it's much easier to go from 100 gallons to a thousand gallons once you've validated that process","Co-manufacturer selection, scale-up, process control, and IP",Travis Zissu,False,R&D Radio: Travis Zissu from Scale Food Lab,2026-04-13T07:00:00.000Z,pain_language,requires_verification
"And I mean I definitely worked with brokers where you really just had to rely on their account manager in the region who is like, no",Regional retail expansion and local-to-national growth,Daniel Scharff,False,#215 - Ask-Me-Anything with Sales Pro Matt Merson,2025-09-23T07:00:00.000Z,pain_language,requires_verification
"And also, I mean, this thing is hard to do in general","Retail buyer readiness, category fit, and expectations",Daniel Scharff,False,#215 - Ask-Me-Anything with Sales Pro Matt Merson,2025-09-23T07:00:00.000Z,pain_language,requires_verification
It's not first and second floor of North hall that we know are just overwhelmingly busy at the beginning,"Wholesale expansion, buyer relationships, and in-store growth",Daniel Scharff,False,"Expo West 2024 Recap: Trends, Brands, and Swag",2024-03-26T05:34:22.000Z,pain_language,requires_verification
But we're really good problem solvers,"Retail buyer readiness, category fit, and expectations",Erik Muller,False,#200 - Buyer Spotlight: The FruitGuys with Erik Muller and Daria Jackson,2025-06-10T07:00:00.000Z,pain_language,requires_verification
"It's such an important channel, but it's so hard to do alone",Retailer and distributor onboarding and category management,Daniel Scharff,False,#200 - Buyer Spotlight: The FruitGuys with Erik Muller and Daria Jackson,2025-06-10T07:00:00.000Z,pain_language,requires_verification
"If it's kind of a standardized product, they're probably going to run other sodas there and it's typically not a problem if you have the right agreements in place and you want to make sure that they aren't showing your ingredients to their other customers","Co-manufacturer selection, scale-up, process control, and IP",Lance Schwarzkopf,False,#177 -  Finding Your Co-Man: Lance Schwarzkopf of Copack,2025-01-07T08:00:00.000Z,pain_language,requires_verification
"I mean, there may be some small problems that pop up and you're going to have to deal with those","Co-manufacturer and distributor contracts, liability, and operational risk",Lance Schwarzkopf,False,#177 -  Finding Your Co-Man: Lance Schwarzkopf of Copack,2025-01-07T08:00:00.000Z,pain_language,requires_verification
"Yeah, but I think that trying to get all your ducks in a row, you mentioned ingredients because if, for example, you, they make a mistake or you make mistake and ingredient doesn't get ordered, now you're going to have to get back in their queue","Co-manufacturer selection, scale-up, process control, and IP",Lance Schwarzkopf,False,#177 -  Finding Your Co-Man: Lance Schwarzkopf of Copack,2025-01-07T08:00:00.000Z,pain_language,requires_verification
"But if you can try to anticipate any challenges you might have, you're going to be much better off","Co-manufacturer selection, scale-up, process control, and IP",Lance Schwarzkopf,False,#177 -  Finding Your Co-Man: Lance Schwarzkopf of Copack,2025-01-07T08:00:00.000Z,pain_language,requires_verification
"So my Brock, my boxes are getting broken down immediately and then I'm","Co-manufacturer selection, scale-up, process control, and IP",Caitlin Bricker,False,#198 -  Startup CPG Community Updates,2025-05-27T07:00:00.000Z,pain_language,requires_verification
"It is so hard to pick one memory, but I think the one that stands out in my mind is Expo west for sure, because that was the first time that I was able to meet our entire team in person after having joined the team, and everyone clicked right away","Retail buyer readiness, category fit, and expectations",Caitlin Bricker,False,#198 -  Startup CPG Community Updates,2025-05-27T07:00:00.000Z,pain_language,requires_verification
"I was just wondering to myself, like, if I, as a brand founder, just have general nightmares about ops that wake me up in t","Co-manufacturer and distributor contracts, liability, and operational risk",Jamie Valenti-Jordan,False,"#139  Inventory Management for Early Brands: Cory Hebert from Cin7, and Jamie Valenti-Jordan, Catapult Commercialization Services",2024-04-23T07:00:00.000Z,pain_language,requires_verification
"You know, serendipity is always good to have, but to me that has been biggest challenge","Retail buyer readiness, category fit, and expectations",Sashi Kumar,False,"Founder Feature: Sashi Kumar, Brittney Lim, and Jim Giberson of Tamarind Heads",2024-09-20T07:00:00.000Z,pain_language,requires_verification
"It wasn't the nitty gritty of the day to day struggle, you know, dealing with daily problems of owning a CPG business","Co-manufacturer selection, scale-up, process control, and IP",Grace Kennedy,False,Founder Feature: Dina DiCenso of RIND,2025-06-06T07:00:00.000Z,pain_language,requires_verification
"So, you know, and even though these people are paying brokers a ton of money to get on shelves, sometimes, you know, they don't have the staying power",Regional retail expansion and local-to-national growth,Dina DiCenso,False,Founder Feature: Dina DiCenso of RIND,2025-06-06T07:00:00.000Z,pain_language,requires_verification
"You know those other types of businesses, the ones that start out focused on marketing and brand, and then they go through that same difficult process that you went through, Adam, but their process is a little bit different because they get to the point where they're selling so much that there's all","Wholesale expansion, buyer relationships, and in-store growth",Josh Fischer,False,#230 - From Self-Distribution to Full-Service Distributor: Scaling Ops with Smidge Beverage and Cin7,2026-01-06T08:00:00.000Z,pain_language,requires_verification
And now they have other problems,"Wholesale expansion, buyer relationships, and in-store growth",Josh Fischer,False,#230 - From Self-Distribution to Full-Service Distributor: Scaling Ops with Smidge Beverage and Cin7,2026-01-06T08:00:00.000Z,pain_language,requires_verification
"One of the challenges that we face is that a lot of these merchants, they spin up Shopify sites, and you can learn how to spin up a Shopify site anywhere","Wholesale expansion, buyer relationships, and in-store growth",Josh Fischer,False,#230 - From Self-Distribution to Full-Service Distributor: Scaling Ops with Smidge Beverage and Cin7,2026-01-06T08:00:00.000Z,pain_language,requires_verification
And it's probably why sometimes you were frustrating to deal with,"Retail buyer readiness, category fit, and expectations",Tim Dornfeld,False,"#189 -  Distributor Spotlight: Tim Dornfeld, KeHE",2025-04-01T07:00:00.000Z,pain_language,requires_verification
"If you're a brand that we don't feel you're quite ready yet, it's not done out of malice or it's literally done because we hate seeing brands fail","Retail buyer readiness, category fit, and expectations",Tim Dornfeld,False,"#189 -  Distributor Spotlight: Tim Dornfeld, KeHE",2025-04-01T07:00:00.000Z,pain_language,requires_verification
"Whatever that brand has, maybe a small broker they're working up there like some regional salespeople",Retailer and distributor onboarding and category management,Tim Dornfeld,False,"#189 -  Distributor Spotlight: Tim Dornfeld, KeHE",2025-04-01T07:00:00.000Z,pain_language,requires_verification
"So, you know, if you find the right broker that I would always say if you're talking about brokers, talk to a lot of them, right",Retailer and distributor onboarding and category management,Tim Dornfeld,False,"#189 -  Distributor Spotlight: Tim Dornfeld, KeHE",2025-04-01T07:00:00.000Z,pain_language,requires_verification
"You know, all of that thing, again, you don't have to work with broker, but they certainly do help to help navigate a lot of what's going on here",Retailer and distributor onboarding and category management,Tim Dornfeld,False,"#189 -  Distributor Spotlight: Tim Dornfeld, KeHE",2025-04-01T07:00:00.000Z,pain_language,requires_verification
So you have to continuously challenge yourself to think differently,Retailer and distributor onboarding and category management,Kenny Hausmann,False,"#144 - Buyer Spotlight: Kenny Hausmann, Fresh Thyme",2024-05-28T07:00:00.000Z,pain_language,requires_verification
We overcome go to market challenges by expanding our partners in house capabilities,"Co-manufacturer selection, scale-up, process control, and IP",Ian,False,"Mini Episode: Flavors, Formulators & Fast Turnarounds with Ian Haworth, FlavorSum",2026-03-11T07:00:00.000Z,pain_language,requires_verification
I think that she just comes from a more traditional background and not being as familiar with entrepreneurship and the risk associated with that and the difficulties and challenges being a challenger brand against really large players in the space,"Retail buyer readiness, category fit, and expectations",Caitlin Bricker,False,Founder Feature: The First Better-For-You Nutrition Company for Older Adults with Jess Haghani of Lucille,2026-06-19T07:39:47.000Z,pain_language,requires_verification
There's a story and a picture painted way behind that matters even more,"Wholesale expansion, buyer relationships, and in-store growth",Hannah Dittman,False,"Investor Spotlight: Graham Garzon, Ground Force Capital — Growth Stage Investing, Business Fundamentals, and What It Takes to Build an Acquirable Brand",2026-05-30T07:00:00.000Z,pain_language,requires_verification
"For me, it would stand out on a shelf, no problem","Retail buyer readiness, category fit, and expectations",Caitlin Bricker,False,Founder Feature: Amna Mettmann of Brause,2025-07-18T07:00:00.000Z,pain_language,requires_verification
"Like, kind of look at everything from a very unique perspective of, like, even though there are other frozen brands that have done this before, rather than just copying what they do, how can we look at this problem from a different perspective","Wholesale expansion, buyer relationships, and in-store growth",Lisa Mastela,False,"#186 - Bootstrap Heroes: Bumpin Blends, Lentiful and Drink Wholesome",2025-03-11T09:33:22.000Z,pain_language,requires_verification
"Okay, so you were taking this on your own to fix the stomach problems you were having from other stuff that was out there, and then you just started to go for it, like, where did you have savings","Co-manufacturer selection, scale-up, process control, and IP",Daniel Scharff,False,"#186 - Bootstrap Heroes: Bumpin Blends, Lentiful and Drink Wholesome",2025-03-11T09:33:22.000Z,pain_language,requires_verification
But I've made about every mistake you could,"Co-manufacturer selection, scale-up, process control, and IP",Jack Schrupp,False,"#186 - Bootstrap Heroes: Bumpin Blends, Lentiful and Drink Wholesome",2025-03-11T09:33:22.000Z,pain_language,requires_verification
"I've literally just burned it, wasted it","Co-manufacturer selection, scale-up, process control, and IP",Jack Schrupp,False,"#186 - Bootstrap Heroes: Bumpin Blends, Lentiful and Drink Wholesome",2025-03-11T09:33:22.000Z,pain_language,requires_verification
"And a lot of fast growing brands, they reach a pain point, they need to go and fix it","Retail buyer readiness, category fit, and expectations",Sebastiaan Debrouwe,False,"#251 - Scaling the Brand: Ops, Systems, and Simplicity with Mezcla and Doss",2026-06-02T07:00:00.000Z,pain_language,requires_verification
"It's been an expensive mistake, right","Retail buyer readiness, category fit, and expectations",Sebastiaan Debrouwe,False,"#251 - Scaling the Brand: Ops, Systems, and Simplicity with Mezcla and Doss",2026-06-02T07:00:00.000Z,pain_language,requires_verification
"Like a known thing that people have already experienced and they like it, but there's X problem wit","Wholesale expansion, buyer relationships, and in-store growth",Luba Safran,False,Investor Spotlight: Luba Safran of Mondelēz SnackFutures Ventures — How Corporate Venture Capital Works and What It Means for CPG Founders,2026-05-23T07:00:00.000Z,pain_language,requires_verification
"So during that period of time, early 2022, really through the end of that year, I did some consulting, helping some smaller brands gain distribution, innovate new products, work on operational challenges","Co-manufacturer selection, scale-up, process control, and IP",Lindsay Hancock,False,Founder Feature: Lindsay Hancock of My Better Batch,2024-11-29T08:00:00.000Z,pain_language,requires_verification
I didn't want to deal with the logistical challenges of shipping temperature control,"Wholesale expansion, buyer relationships, and in-store growth",Lindsay Hancock,False,Founder Feature: Lindsay Hancock of My Better Batch,2024-11-29T08:00:00.000Z,pain_language,requires_verification
There are some things that I just can't protect against if people make mistakes,"Co-manufacturer selection, scale-up, process control, and IP",Lindsay Hancock,False,Founder Feature: Lindsay Hancock of My Better Batch,2024-11-29T08:00:00.000Z,pain_language,requires_verification
And so one of the challenges that I didn't quite think through in the beginning was we're at the mercy of the formal category review calendars,Retailer and distributor onboarding and category management,Lindsay Hancock,False,Founder Feature: Lindsay Hancock of My Better Batch,2024-11-29T08:00:00.000Z,pain_language,requires_verification
"I really working hard to be able to build up our social media platforms, which ironically we started before we launched the product","Wholesale expansion, buyer relationships, and in-store growth",Lindsay Hancock,False,Founder Feature: Lindsay Hancock of My Better Batch,2024-11-29T08:00:00.000Z,pain_language,requires_verification
They're with the ones communicating with your brokers,Regional retail expansion and local-to-national growth,Peggy Shell,False,"#135 Recruiting 101 with Peggy Shell, Creative Alignments",2024-03-26T07:00:00.000Z,pain_language,requires_verification
Is it going to be too expensive to acquire people versus how much it costs to ship it and the low price point of the product,"Retail buyer readiness, category fit, and expectations",Daniel Scharff,False,#245 - Growing Your Brand with Influencer Marketing with Joybyte,2026-04-21T07:00:00.000Z,pain_language,requires_verification
"Yeah, I mean, it's hard to not say everyone","Retail buyer readiness, category fit, and expectations",Jenn Ko,False,Founder Feature: Jenn Ko of DIME,2025-07-11T07:00:00.000Z,pain_language,requires_verification
So there was a lot of just struggles that existed,"Wholesale expansion, buyer relationships, and in-store growth",Semeet Shah,False,"Investor Spotlight: Sumeet Shah, VHS Ventures",2026-03-14T07:00:00.000Z,pain_language,requires_verification
"Because a lot of people talk about it and then they were saying that, you know, a lot of people's mistakes, especially when they're small brands and they get into a unifi or keiki, like you're working with a national distributor and you need to have that national money, right",Retailer and distributor onboarding and category management,Cynthia Duran,False,Founder Feature: Cynthia Duran of Xinca Foods,2025-05-16T07:00:00.000Z,pain_language,requires_verification
"So, yeah, it's such a common problem, and it's so challenging because it's so expensive to put in such a large order","Retail buyer readiness, category fit, and expectations",Grace Kennedy,False,Founder Feature: Jilleo Recio of RĒJINS,2024-10-18T07:00:00.000Z,pain_language,requires_verification
"And like we kind of tried to preempt that a little bit by telling people, first of all, if you get your product and it's too crumbly, like you can send it back or keep it and get a refund, no problem","Retail buyer readiness, category fit, and expectations",Taylor Espinoza,False,Founder Feature:  Taylor Espinoza of Unicorn Bites,2026-01-16T08:00:00.000Z,pain_language,requires_verification
"I mean, and that's always comforting to see other people dealing with the same challenges","Retail buyer readiness, category fit, and expectations",Taylor Espinoza,False,Founder Feature:  Taylor Espinoza of Unicorn Bites,2026-01-16T08:00:00.000Z,pain_language,requires_verification
"And it's been difficult sometimes because I've had advisors who are like, you have to take risks early on and say no sugar or something, or blasts like gluten free on the front of the package","Co-manufacturer selection, scale-up, process control, and IP",Taylor Espinoza,False,Founder Feature:  Taylor Espinoza of Unicorn Bites,2026-01-16T08:00:00.000Z,pain_language,requires_verification
"And honestly, how cool is that to just as an early brand, get to be in some of those hard to reach places getting access to very highly educated, highly motivated consumers who care so much about where they're getting these products from","Retail buyer readiness, category fit, and expectations",Daniel Scharff,False,#184 -Distributor Spotlight: Karen Slusher of Azure Standard,2025-02-25T08:00:00.000Z,pain_language,requires_verification
The back and forth on the purchase agreement is way less painful than answering hundreds of diligence questions over the course of a month,"Co-manufacturer and distributor contracts, liability, and operational risk",Adam Marsh,False,#238 - Legal Ask-Me-Anything with Giannuzzi Lewendon,2026-03-03T08:00:00.000Z,pain_language,requires_verification
